172.58.109.135,Haltom City,TX,United States,North America,32.73844909667969,-97.28704071044922
182.68.175.29,New Delhi,DL,India,Asia,28.648000717163086,77.18399810791016
38.200.4.67,Los Angeles,CA,United States,North America,34.04563903808594,-118.24163818359375
216.145.173.12,Houston,TX,United States,North America,29.841060638427734,-95.65673828125
99.61.69.248,Austin,TX,United States,North America,30.412139892578125,-97.7164077758789
66.190.107.88,Haltom City,TX,United States,North America,32.75864028930664,-97.33258056640625
8.20.63.5,Houston,TX,United States,North America,29.725749969482422,-95.54532623291016
129.115.195.54,San Antonio,TX,United States,North America,29.5916690826416,-98.61990356445312
24.243.78.1,San Antonio,TX,United States,North America,29.472780227661133,-98.53563690185547
131.194.178.29,San Antonio,TX,United States,North America,29.4664306640625,-98.48323822021484
99.5.220.232,San Antonio,TX,United States,North America,29.588909149169922,-98.53633880615234
173.174.203.119,San Antonio,TX,United States,North America,29.472780227661133,-98.53563690185547
67.244.12.44,Kew Gardens Hills,NY,United States,North America,40.75529861450195,-73.82679748535156
172.58.111.172,Haltom City,TX,United States,North America,32.7022590637207,-97.3248519897461
129.115.195.29,San Antonio,TX,United States,North America,29.566200256347656,-98.61035919189453
172.58.111.62,Arlington,TX,United States,North America,32.72943878173828,-97.06867980957031
172.58.172.126,Orlando,FL,United States,North America,28.552379608154297,-81.47988891601562
67.79.244.3,Houston,TX,United States,North America,29.82686996459961,-95.42622375488281
96.46.160.14,San Antonio,TX,United States,North America,29.354480743408203,-98.60384368896484
192.58.125.6,Lubbock,TX,United States,North America,33.568809509277344,-101.87383270263672
76.78.95.102,San Antonio,TX,United States,North America,29.5916690826416,-98.61990356445312
72.177.225.146,San Antonio,TX,United States,North America,29.472780227661133,-98.53563690185547
68.180.1.105,San Antonio,TX,United States,North America,29.56938934326172,-98.61393737792969
76.78.95.53,Universal City,TX,United States,North America,29.55048942565918,-98.29801940917969
103.41.27.205,Saint Thomas Mount,TN,India,Asia,13.052399635314941,80.25080108642578
68.201.77.144,San Antonio,TX,United States,North America,29.472780227661133,-98.53563690185547
129.110.241.77,Richardson,TX,United States,North America,32.98598098754883,-96.75646209716797
64.92.2.151,Katy,TX,United States,North America,29.72857093811035,-95.81810760498047
67.11.162.169,San Antonio,TX,United States,North America,29.472780227661133,-98.53563690185547
216.82.130.93,Converse,TX,United States,North America,29.30599021911621,-98.19943237304688
172.58.109.28,Haltom City,TX,United States,North America,32.810699462890625,-97.30953979492188
129.115.195.71,San Antonio,TX,United States,North America,29.5916690826416,-98.61990356445312
128.62.150.131,Austin,TX,United States,North America,30.207109451293945,-97.86064147949219
71.143.85.120,Universal City,TX,United States,North America,29.550729751586914,-98.30946350097656
108.48.172.2,Merrifield,VA,United States,North America,38.91693878173828,-77.20741271972656
24.227.244.110,San Antonio,TX,United States,North America,29.472780227661133,-98.53563690185547
76.78.94.34,San Antonio,TX,United States,North America,29.56938934326172,-98.61393737792969
2.95.219.200,Moscow,MOW,Russia,Asia,55.764408111572266,37.636600494384766
129.115.195.32,San Antonio,TX,United States,North America,29.56661033630371,-98.61592864990234
99.100.169.147,San Antonio,TX,United States,North America,29.57299041748047,-98.49285125732422
174.255.129.122,Midlothian,TX,United States,North America,32.46709060668945,-97.03849029541016
99.110.15.151,Houston,TX,United States,North America,29.755260467529297,-95.40174102783203
76.78.129.102,Frisco,TX,United States,North America,33.16151809692383,-96.76923370361328
47.221.178.84,Georgetown,TX,United States,North America,30.628549575805664,-97.66864013671875
192.231.40.123,Frisco,TX,United States,North America,33.134559631347656,-96.7927017211914
64.189.203.119,Richardson,TX,United States,North America,32.96609115600586,-96.74674224853516
40.94.36.45,San Antonio,TX,United States,North America,29.472780227661133,-98.53563690185547
66.69.76.172,San Antonio,TX,United States,North America,29.472780227661133,-98.53563690185547
24.160.12.73,Universal City,TX,United States,North America,29.54966926574707,-98.30132293701172
99.61.70.188,Austin,TX,United States,North America,30.370859146118164,-97.70649719238281
198.217.29.3,College Station,TX,United States,North America,30.61260986328125,-96.33027648925781
72.33.2.139,Middleton,WI,United States,North America,43.074771881103516,-89.41120910644531
129.115.195.44,San Antonio,TX,United States,North America,29.56661033630371,-98.61592864990234
24.160.137.116,San Antonio,TX,United States,North America,29.472780227661133,-98.53563690185547
73.32.176.182,Sugar Land,TX,United States,North America,29.567670822143555,-95.6285171508789
50.2.184.12,Dallas,TX,United States,North America,32.81932067871094,-96.87747192382812
24.153.246.211,San Antonio,TX,United States,North America,29.577119827270508,-98.63432312011719
70.121.216.8,San Antonio,TX,United States,North America,29.472780227661133,-98.53563690185547
40.94.28.24,Cheyenne,WY,United States,North America,41.141841888427734,-104.77919006347656
24.243.69.152,San Antonio,TX,United States,North America,29.472780227661133,-98.53563690185547
24.26.227.236,San Antonio,TX,United States,North America,29.472780227661133,-98.53563690185547
122.163.7.142,Kolkata,WB,India,Asia,22.56679916381836,88.36150360107422
65.43.86.127,Atlanta,GA,United States,North America,33.779029846191406,-84.38426208496094
63.246.153.17,New Iberia,LA,United States,North America,30.195770263671875,-91.88983917236328
73.77.32.217,Houston,TX,United States,North America,29.797130584716797,-95.3829116821289
107.77.218.165,Katy,TX,United States,North America,29.767719268798828,-95.99839782714844
99.26.203.68,San Antonio,TX,United States,North America,29.54932975769043,-98.62297058105469
69.12.94.120,Dallas,TX,United States,North America,32.81932067871094,-96.87747192382812
72.190.233.252,San Antonio,TX,United States,North America,29.472780227661133,-98.53563690185547
72.179.0.117,Austin,TX,United States,North America,30.289730072021484,-97.7664794921875
40.107.222.49,Des Moines,IA,United States,North America,41.600440979003906,-93.60652160644531
129.115.2.36,San Antonio,TX,United States,North America,29.50786018371582,-98.57489776611328
69.147.1.69,New Braunfels,TX,United States,North America,29.79361915588379,-98.09752655029297
70.162.10.91,Tempe Junction,AZ,United States,North America,33.41904830932617,-111.90149688720703
69.118.4.199,Kensington,NY,United States,North America,40.6976318359375,-73.93460083007812
162.248.1.52,Hereford,TX,United States,North America,34.838890075683594,-102.38897705078125
165.91.13.91,College Station,TX,United States,North America,30.608360290527344,-96.3501205444336
108.95.37.69,San Antonio,TX,United States,North America,29.58972930908203,-98.44904327392578
172.124.70.150,San Antonio,TX,United States,North America,29.414939880371094,-98.47473907470703
70.121.150.90,San Antonio,TX,United States,North America,29.472780227661133,-98.53563690185547
129.115.195.31,San Antonio,TX,United States,North America,29.566200256347656,-98.61035919189453
65.94.118.182,Etobicoke,ON,Canada,North America,43.70317077636719,-79.51219177246094
64.28.250.4,Haltom City,TX,United States,North America,32.75802993774414,-97.33666229248047
131.194.165.242,San Antonio,TX,United States,North America,29.46446990966797,-98.4858169555664
139.47.28.248,Esplugues de Llobregat,CT,Spain,Europe,41.37324142456055,2.085239887237549
98.201.124.24,Katy,TX,United States,North America,29.750389099121094,-95.77397918701172
172.58.70.185,Edmond,OK,United States,North America,35.870941162109375,-97.46959686279297
104.222.24.254,College Station,TX,United States,North America,30.60791015625,-96.32398223876953
99.76.234.15,San Antonio,TX,United States,North America,29.526029586791992,-98.55213165283203
129.111.17.228,San Antonio,TX,United States,North America,29.50786018371582,-98.57489776611328
107.77.221.57,Dale,TX,United States,North America,29.930700302124023,-97.55718231201172
76.78.94.102,San Antonio,TX,United States,North America,29.56938934326172,-98.61393737792969
223.189.11.132,Powai,MH,India,Asia,19.14859962463379,72.881103515625
128.42.70.38,Houston,TX,United States,North America,29.71441078186035,-95.39788818359375
129.115.195.28,San Antonio,TX,United States,North America,29.566200256347656,-98.61035919189453
67.11.229.53,San Antonio,TX,United States,North America,29.472780227661133,-98.53563690185547
129.115.195.42,San Antonio,TX,United States,North America,29.542770385742188,-98.55960845947266
162.218.228.196,Houston,TX,United States,North America,29.934019088745117,-95.39600372314453
71.91.112.201,Haltom City,TX,United States,North America,32.75864028930664,-97.33258056640625
130.126.255.47,Champaign,IL,United States,North America,40.11017990112305,-88.2430419921875
205.171.50.154,Manhattan,NY,United States,North America,40.7589111328125,-73.97901916503906
73.206.51.205,Houston,TX,United States,North America,29.68655014038086,-95.4748764038086
136.50.7.72,San Antonio,TX,United States,North America,29.472780227661133,-98.53563690185547
172.58.109.195,Haltom City,TX,United States,North America,32.83522033691406,-97.41336059570312
131.194.166.94,San Antonio,TX,United States,North America,29.46232032775879,-98.48670959472656
129.115.195.66,San Antonio,TX,United States,North America,29.5916690826416,-98.61990356445312
73.55.160.250,Katy,TX,United States,North America,29.76099967956543,-95.72361755371094
66.69.75.242,San Antonio,TX,United States,North America,29.472780227661133,-98.53563690185547
146.112.45.44,Dallas,TX,United States,North America,32.8054313659668,-96.8142318725586
71.146.125.159,Houston,TX,United States,North America,29.785659790039062,-95.205810546875
72.177.196.243,San Antonio,TX,United States,North America,29.472780227661133,-98.53563690185547
129.115.195.36,San Antonio,TX,United States,North America,29.542770385742188,-98.55960845947266
162.200.116.122,San Antonio,TX,United States,North America,29.501209259033203,-98.53353118896484
136.50.43.55,San Antonio,TX,United States,North America,29.472780227661133,-98.53563690185547
129.115.195.18,San Antonio,TX,United States,North America,29.520219802856445,-98.5281982421875
172.58.99.245,Houston,TX,United States,North America,29.831239700317383,-95.43225860595703
98.198.195.212,Katy,TX,United States,North America,29.758630752563477,-95.7956314086914
72.179.188.85,San Antonio,TX,United States,North America,29.472780227661133,-98.53563690185547
70.121.167.238,San Antonio,TX,United States,North America,29.472780227661133,-98.53563690185547
99.73.217.184,Haltom City,TX,United States,North America,32.61933898925781,-97.26696014404297
99.76.235.74,San Antonio,TX,United States,North America,29.549049377441406,-98.56710815429688
68.180.1.93,San Antonio,TX,United States,North America,29.503419876098633,-98.66790771484375
71.62.81.98,Leesburg,VA,United States,North America,39.105201721191406,-77.49144744873047
131.194.165.143,Pflugerville,TX,United States,North America,30.500629425048828,-97.6302490234375
66.25.154.30,New Braunfels,TX,United States,North America,29.700969696044922,-98.07672882080078
73.136.130.70,Katy,TX,United States,North America,29.759689331054688,-95.76592254638672
64.92.5.226,Rosenberg,TX,United States,North America,29.43177032470703,-95.77873992919922
129.115.195.34,San Antonio,TX,United States,North America,29.56661033630371,-98.61592864990234
40.94.31.75,Des Moines,IA,United States,North America,41.600440979003906,-93.60652160644531
172.110.86.120,Pleasanton,TX,United States,North America,28.982040405273438,-98.48953247070312
45.26.147.28,San Antonio,TX,United States,North America,29.411399841308594,-98.71739959716797
172.14.104.239,San Antonio,TX,United States,North America,29.562259674072266,-98.4369125366211
79.150.207.212,Segundo Ensanche,NC,Spain,Europe,42.819129943847656,-1.643280029296875
138.16.105.107,Providence,RI,United States,North America,41.82366180419922,-71.39710998535156
76.78.94.169,San Antonio,TX,United States,North America,29.56938934326172,-98.61393737792969
129.115.2.67,San Antonio,TX,United States,North America,29.55752944946289,-98.72157287597656
185.129.73.15,Edinburgh,SCT,United Kingdom,Europe,55.94981002807617,-3.193459987640381
76.30.196.204,Missouri City,TX,United States,North America,29.564449310302734,-95.54765319824219
147.26.17.46,San Marcos,TX,United States,North America,29.878459930419922,-98.02001953125
24.243.9.236,San Antonio,TX,United States,North America,29.472780227661133,-98.53563690185547
129.115.236.18,San Antonio,TX,United States,North America,29.56938934326172,-98.61393737792969
129.115.195.17,San Antonio,TX,United States,North America,29.520219802856445,-98.5281982421875
73.232.138.6,Houston,TX,United States,North America,29.679019927978516,-95.48268127441406
76.78.94.111,San Antonio,TX,United States,North America,29.56938934326172,-98.61393737792969
153.33.22.243,San Antonio,TX,United States,North America,29.56938934326172,-98.61393737792969
174.246.161.252,San Antonio,TX,United States,North America,29.574310302734375,-98.57636260986328
68.77.134.98,San Antonio,TX,United States,North America,29.425769805908203,-98.56996154785156
128.62.19.187,Austin,TX,United States,North America,30.330120086669922,-97.73914337158203
129.115.195.63,San Antonio,TX,United States,North America,29.604389190673828,-98.5353012084961
172.58.107.14,Irving,TX,United States,North America,32.87712097167969,-96.96421813964844
47.210.142.233,Victoria,TX,United States,North America,28.82556915283203,-96.98119354248047
140.158.252.122,Beaumont,TX,United States,North America,29.96023941040039,-94.19277954101562
129.115.195.48,San Antonio,TX,United States,North America,29.56661033630371,-98.61592864990234
172.58.107.39,Dallas,TX,United States,North America,32.75946044921875,-96.84098815917969
47.184.202.41,Southlake,TX,United States,North America,32.93178939819336,-97.1419906616211
165.91.13.22,College Station,TX,United States,North America,30.608360290527344,-96.3501205444336
37.120.147.110,El Mirage,AZ,United States,North America,33.60197830200195,-112.28627014160156
99.43.107.200,San Antonio,TX,United States,North America,29.425020217895508,-98.56375122070312
47.26.107.236,Monroe,MI,United States,North America,41.94976043701172,-83.44535827636719
129.115.2.245,San Antonio,TX,United States,North America,29.50786018371582,-98.57489776611328
104.55.229.102,San Antonio,TX,United States,North America,29.678800582885742,-98.6504898071289
70.32.0.59,Arlington Heights,IL,United States,North America,42.058441162109375,-87.98355865478516
72.177.225.21,San Antonio,TX,United States,North America,29.472780227661133,-98.53563690185547
65.43.114.250,San Antonio,TX,United States,North America,29.573570251464844,-98.54267883300781
72.181.119.143,San Antonio,TX,United States,North America,29.472780227661133,-98.53563690185547
210.18.173.162,Chennai,TN,India,Asia,13.074999809265137,80.22699737548828
136.50.22.42,San Antonio,TX,United States,North America,29.472780227661133,-98.53563690185547
129.115.195.74,San Antonio,TX,United States,North America,29.5239200592041,-98.4934310913086
67.11.244.229,San Antonio,TX,United States,North America,29.472780227661133,-98.53563690185547
130.45.34.205,San Antonio,TX,United States,North America,29.50200080871582,-98.4023666381836
72.177.232.12,San Antonio,TX,United States,North America,29.472780227661133,-98.53563690185547
70.53.34.16,Milton,ON,Canada,North America,43.530540466308594,-79.8749771118164
24.51.198.151,Weston,FL,United States,North America,26.111650466918945,-80.3740234375
174.255.129.170,Canton,TX,United States,North America,32.500648498535156,-95.915283203125
129.115.2.175,San Antonio,TX,United States,North America,29.5916690826416,-98.61990356445312
129.110.241.78,Richardson,TX,United States,North America,32.98598098754883,-96.75646209716797
72.182.86.20,Austin,TX,United States,North America,30.289730072021484,-97.7664794921875
72.177.226.186,San Antonio,TX,United States,North America,29.472780227661133,-98.53563690185547
3.229.118.184,Ashburn,VA,United States,North America,39.043701171875,-77.47419738769531
47.185.77.181,Southlake,TX,United States,North America,32.94538879394531,-97.18360137939453
73.32.192.205,Katy,TX,United States,North America,29.77008056640625,-95.74028778076172
66.69.97.180,San Antonio,TX,United States,North America,29.472780227661133,-98.53563690185547
172.58.99.97,Houston,TX,United States,North America,29.785680770874023,-95.44692993164062
173.227.72.100,San Antonio,TX,United States,North America,29.566200256347656,-98.61035919189453
67.10.138.219,San Antonio,TX,United States,North America,29.472780227661133,-98.53563690185547
98.190.133.83,Tempe Junction,AZ,United States,North America,33.420249938964844,-111.9218521118164
146.196.33.93,Delhi,DL,India,Asia,28.676700592041016,77.20870208740234
72.46.218.208,Sugar Land,TX,United States,North America,29.594459533691406,-95.65110778808594
67.11.149.56,San Antonio,TX,United States,North America,29.472780227661133,-98.53563690185547
131.194.177.146,San Antonio,TX,United States,North America,29.46232032775879,-98.48670959472656
47.223.223.122,San Angelo,TX,United States,North America,31.418609619140625,-100.4969711303711
99.203.212.77,Houston,TX,United States,North America,29.914480209350586,-95.6530532836914
66.112.240.161,Austin,TX,United States,North America,30.292829513549805,-97.73737335205078
67.11.156.18,San Antonio,TX,United States,North America,29.472780227661133,-98.53563690185547
128.62.55.15,Austin,TX,United States,North America,30.288829803466797,-97.73893737792969
72.177.212.122,San Antonio,TX,United States,North America,29.472780227661133,-98.53563690185547
107.139.128.245,Houston,TX,United States,North America,29.671419143676758,-95.58601379394531
173.174.180.183,San Antonio,TX,United States,North America,29.472780227661133,-98.53563690185547
47.187.164.4,The Colony,TX,United States,North America,33.05289077758789,-96.81571197509766
72.191.129.7,Corpus Christi,TX,United States,North America,27.751060485839844,-97.44017028808594
107.77.200.92,Denison,TX,United States,North America,33.747650146484375,-96.59647369384766
107.77.217.70,College Station,TX,United States,North America,30.580659866333008,-96.29695892333984
76.78.94.73,San Antonio,TX,United States,North America,29.56938934326172,-98.61393737792969
67.78.105.64,San Antonio,TX,United States,North America,29.594030380249023,-98.62621307373047
70.134.33.228,Forney,TX,United States,North America,32.77436828613281,-96.4453125
157.131.251.105,Albany,CA,United States,North America,37.893680572509766,-122.27227783203125
174.246.202.134,West Odessa,TX,United States,North America,31.68136978149414,-102.38300323486328
66.115.154.85,Atlanta,GA,United States,North America,33.75288009643555,-84.3924331665039
75.102.133.72,San Antonio,TX,United States,North America,29.589839935302734,-98.62982177734375
50.30.210.21,College Station,TX,United States,North America,30.60791015625,-96.32398223876953
131.194.168.214,San Antonio,TX,United States,North America,29.46446990966797,-98.4858169555664
67.11.214.136,San Antonio,TX,United States,North America,29.472780227661133,-98.53563690185547
107.77.217.90,Bryan,TX,United States,North America,30.51692008972168,-96.72413635253906
47.186.20.171,The Colony,TX,United States,North America,33.0299186706543,-96.75414276123047
174.207.4.31,Harker Heights,TX,United States,North America,31.05345916748047,-97.63973236083984
172.14.104.44,San Antonio,TX,United States,North America,29.58319091796875,-98.44389343261719
70.251.185.124,Austin,TX,United States,North America,30.28582000732422,-97.74282836914062
129.115.195.19,San Antonio,TX,United States,North America,29.520219802856445,-98.5281982421875
172.87.105.185,San Angelo,TX,United States,North America,31.44066047668457,-100.46307373046875
76.78.95.8,San Antonio,TX,United States,North America,29.56661033630371,-98.61592864990234
23.127.75.30,Austin,TX,United States,North America,30.347360610961914,-97.70066833496094
129.115.195.58,San Antonio,TX,United States,North America,29.573570251464844,-98.54267883300781
129.115.195.8,San Antonio,TX,United States,North America,29.5916690826416,-98.61990356445312
172.58.109.68,Haltom City,TX,United States,North America,32.73003005981445,-97.34281158447266
66.69.64.28,San Antonio,TX,United States,North America,29.472780227661133,-98.53563690185547
72.179.5.136,Austin,TX,United States,North America,30.289730072021484,-97.7664794921875
67.11.110.154,San Antonio,TX,United States,North America,29.472780227661133,-98.53563690185547
129.115.195.49,San Antonio,TX,United States,North America,29.56661033630371,-98.61592864990234
99.129.98.47,Pflugerville,TX,United States,North America,30.540220260620117,-97.64698028564453
139.180.59.67,Charlotte,NC,United States,North America,35.17121887207031,-80.7920913696289
129.7.0.148,Houston,TX,United States,North America,29.694780349731445,-95.39234161376953
69.232.48.75,San Antonio,TX,United States,North America,29.472780227661133,-98.53563690185547
45.20.116.168,San Antonio,TX,United States,North America,29.472780227661133,-98.53563690185547
172.58.100.180,Houston,TX,United States,North America,29.72163963317871,-95.56694030761719
174.240.1.33,Houston,TX,United States,North America,29.881080627441406,-95.49627685546875
70.114.159.148,Pflugerville,TX,United States,North America,30.540220260620117,-97.64698028564453
129.107.80.126,Arlington,TX,United States,North America,32.73249816894531,-97.07161712646484
129.115.195.40,San Antonio,TX,United States,North America,29.542770385742188,-98.55960845947266
209.184.178.52,Austin,TX,United States,North America,30.241519927978516,-97.76876831054688
75.21.226.174,San Antonio,TX,United States,North America,29.6297607421875,-98.6227035522461
136.50.21.201,San Antonio,TX,United States,North America,29.472780227661133,-98.53563690185547
67.11.243.177,San Antonio,TX,United States,North America,29.472780227661133,-98.53563690185547
136.50.53.241,San Antonio,TX,United States,North America,29.472780227661133,-98.53563690185547
205.251.148.186,Houston,TX,United States,North America,29.77042007446289,-95.41058349609375
107.77.218.90,Lincoln,TX,United States,North America,30.290250778198242,-96.90570831298828
64.92.36.66,Katy,TX,United States,North America,29.72991943359375,-95.82218933105469
63.97.8.93,Allen,TX,United States,North America,33.101478576660156,-96.68186950683594
70.114.48.51,San Antonio,TX,United States,North America,29.472780227661133,-98.53563690185547
165.91.13.166,College Station,TX,United States,North America,30.608360290527344,-96.3501205444336
206.55.189.23,West Saint Paul,MN,United States,North America,45.016021728515625,-93.18134307861328
66.69.75.255,San Antonio,TX,United States,North America,29.472780227661133,-98.53563690185547
129.115.195.43,San Antonio,TX,United States,North America,29.542770385742188,-98.55960845947266
173.227.72.107,San Antonio,TX,United States,North America,29.577550888061523,-98.6218032836914
173.213.87.156,Tempe Junction,AZ,United States,North America,33.39390182495117,-111.92906188964844
129.115.27.34,San Antonio,TX,United States,North America,29.56938934326172,-98.61393737792969
73.166.38.241,Houston,TX,United States,North America,29.764310836791992,-95.46930694580078
73.136.216.247,Sugar Land,TX,United States,North America,29.618799209594727,-95.60698699951172
129.115.2.249,San Antonio,TX,United States,North America,29.542770385742188,-98.55960845947266
84.76.182.222,Barcelona,CT,Spain,Europe,41.37958908081055,2.1683599948883057
136.50.3.56,San Antonio,TX,United States,North America,29.472780227661133,-98.53563690185547
98.199.130.90,Katy,TX,United States,North America,29.740190505981445,-95.8301773071289
67.11.161.131,San Antonio,TX,United States,North America,29.472780227661133,-98.53563690185547
173.227.72.103,San Antonio,TX,United States,North America,29.566200256347656,-98.61035919189453
72.179.167.152,San Antonio,TX,United States,North America,29.472780227661133,-98.53563690185547
34.232.127.140,Ashburn,VA,United States,North America,39.043701171875,-77.47419738769531
76.78.95.150,San Antonio,TX,United States,North America,29.5916690826416,-98.61990356445312
162.0.66.113,Scarborough,ON,Canada,North America,43.797569274902344,-79.22724914550781
107.77.219.136,Schulenburg,TX,United States,North America,29.720600128173828,-97.00556182861328
172.58.107.153,Dallas,TX,United States,North America,32.783058166503906,-96.87380981445312
129.115.195.59,San Antonio,TX,United States,North America,29.573570251464844,-98.54267883300781
128.62.63.232,Austin,TX,United States,North America,30.292829513549805,-97.73737335205078
108.169.199.197,Houston,TX,United States,North America,29.77042007446289,-95.41058349609375
70.120.85.213,San Antonio,TX,United States,North America,29.472780227661133,-98.53563690185547
68.203.19.116,Austin,TX,United States,North America,30.289730072021484,-97.7664794921875
69.232.101.123,Converse,TX,United States,North America,29.510669708251953,-98.3919906616211
108.198.248.126,Houston,TX,United States,North America,29.81390953063965,-95.51959228515625
162.237.204.250,Austin,TX,United States,North America,30.4696102142334,-97.7777099609375
50.230.27.6,Brooklyn Park,MN,United States,North America,45.11970138549805,-93.34147644042969
71.143.82.45,San Antonio,TX,United States,North America,29.47760009765625,-98.3465576171875
98.195.208.15,Pearland,TX,United States,North America,29.542810440063477,-95.345703125
146.196.33.120,Delhi,DL,India,Asia,28.680999755859375,77.2229995727539
73.184.36.144,Snellville,GA,United States,North America,33.804378509521484,-84.03852844238281
128.54.221.208,Fountain Valley,CA,United States,North America,33.71979904174805,-117.91412353515625
73.6.214.20,Katy,TX,United States,North America,29.744340896606445,-95.73168182373047
131.194.168.98,San Antonio,TX,United States,North America,29.463790893554688,-98.48578643798828
66.69.126.167,Rowlett,TX,United States,North America,32.933128356933594,-96.62129211425781
129.110.241.65,Richardson,TX,United States,North America,32.9734992980957,-96.75505828857422
70.120.82.129,San Antonio,TX,United States,North America,29.472780227661133,-98.53563690185547
128.42.84.30,Houston,TX,United States,North America,29.71742057800293,-95.41873168945312
129.115.195.55,San Antonio,TX,United States,North America,29.5916690826416,-98.61990356445312
50.84.77.4,San Antonio,TX,United States,North America,29.542770385742188,-98.55960845947266
99.76.234.59,San Antonio,TX,United States,North America,29.54388999938965,-98.54910278320312
172.58.101.4,Houston,TX,United States,North America,29.85563087463379,-95.4914779663086
129.115.195.50,San Antonio,TX,United States,North America,29.56661033630371,-98.61592864990234
68.231.120.8,Tempe Junction,AZ,United States,North America,33.36054992675781,-111.92584991455078
70.130.123.17,Boerne,TX,United States,North America,29.707529067993164,-98.66696166992188
131.194.185.30,Alton,TX,United States,North America,26.29817008972168,-98.42122650146484
96.55.49.187,Walnut Grove,BC,Canada,North America,49.13359832763672,-122.63117218017578
76.78.95.14,Cibolo,TX,United States,North America,29.54836082458496,-98.14344787597656
98.200.13.61,Houston,TX,United States,North America,29.77924919128418,-95.39177703857422
72.177.240.229,San Antonio,TX,United States,North America,29.472780227661133,-98.53563690185547
75.65.247.41,Monroe,LA,United States,North America,32.5201416015625,-92.10527801513672
130.45.63.20,San Antonio,TX,United States,North America,29.462169647216797,-98.6309814453125
47.185.95.188,Keller,TX,United States,North America,32.91065979003906,-97.22759246826172
76.85.37.126,Hurst,TX,United States,North America,32.852508544921875,-97.13410949707031
23.82.129.16,Shaw,DC,United States,North America,38.906898498535156,-77.02839660644531
172.58.111.219,Haltom City,TX,United States,North America,32.691471099853516,-97.32095336914062
72.190.162.188,San Antonio,TX,United States,North America,29.472780227661133,-98.53563690185547
129.115.2.100,San Antonio,TX,United States,North America,29.455780029296875,-98.49833679199219
172.58.109.119,Weatherford,TX,United States,North America,32.63751983642578,-97.57691955566406
129.110.241.70,Richardson,TX,United States,North America,32.98598098754883,-96.75646209716797
172.58.99.36,Houston,TX,United States,North America,29.78070068359375,-95.44661712646484
172.58.101.91,Houston,TX,United States,North America,29.889270782470703,-95.40519714355469
75.130.6.135,Denton,TX,United States,North America,33.18891143798828,-97.12702178955078
174.246.192.224,Florence,TX,United States,North America,30.818260192871094,-97.89253234863281
97.98.20.209,Portland,TX,United States,North America,27.9371395111084,-97.30563354492188
128.62.32.104,Austin,TX,United States,North America,30.297130584716797,-97.73744201660156
209.169.102.118,The Woodlands,TX,United States,North America,30.25756072998047,-95.44519805908203
209.147.192.97,Lorman,MS,United States,North America,31.903369903564453,-91.1479263305664
76.78.95.0,San Antonio,TX,United States,North America,29.5916690826416,-98.61990356445312
76.78.95.112,San Antonio,TX,United States,North America,29.542770385742188,-98.55960845947266
173.174.179.149,San Antonio,TX,United States,North America,29.472780227661133,-98.53563690185547
67.11.173.183,San Antonio,TX,United States,North America,29.472780227661133,-98.53563690185547
70.120.19.69,San Antonio,TX,United States,North America,29.472780227661133,-98.53563690185547
199.193.218.175,San Antonio,TX,United States,North America,29.17081069946289,-98.4748764038086
107.77.217.93,Waelder,TX,United States,North America,29.749509811401367,-97.371337890625
131.194.185.9,San Antonio,TX,United States,North America,29.463790893554688,-98.48578643798828
75.102.133.105,San Antonio,TX,United States,North America,29.573179244995117,-98.54277801513672
129.7.0.160,Houston,TX,United States,North America,29.720930099487305,-95.34747314453125
131.194.178.77,San Antonio,TX,United States,North America,29.46232032775879,-98.48670959472656
76.78.94.122,San Antonio,TX,United States,North America,29.56938934326172,-98.61393737792969
104.238.46.9,Los Angeles,CA,United States,North America,34.04563903808594,-118.24163818359375
91.143.168.116,Yekaterinburg,SVE,Russia,Asia,56.84899139404297,60.631900787353516
104.222.27.253,San Marcos,TX,United States,North America,29.878459930419922,-98.02001953125
108.87.97.51,Live Oak,TX,United States,North America,29.55668067932129,-98.36492919921875
216.145.178.19,Houston,TX,United States,North America,29.75012969970703,-95.5865478515625
75.87.11.170,Austin,TX,United States,North America,30.259319305419922,-97.71572875976562
67.11.159.168,San Antonio,TX,United States,North America,29.472780227661133,-98.53563690185547
129.115.2.251,San Antonio,TX,United States,North America,29.542770385742188,-98.55960845947266
104.191.75.215,San Antonio,TX,United States,North America,29.592010498046875,-98.45069122314453
99.203.155.167,Houston,TX,United States,North America,29.914480209350586,-95.6530532836914
172.58.107.181,Dallas,TX,United States,North America,32.77288818359375,-96.91561889648438
67.143.129.168,Liberty Center,IN,United States,North America,40.70560073852539,-85.29733276367188
109.252.83.135,Moscow,MOW,Russia,Asia,55.64862060546875,37.52037048339844
172.58.101.103,Houston,TX,United States,North America,29.780590057373047,-95.44481658935547
128.42.69.11,Kensington,NY,United States,North America,40.645408630371094,-73.95873260498047
165.91.13.224,College Station,TX,United States,North America,30.608360290527344,-96.3501205444336
107.77.220.208,College Station,TX,United States,North America,30.581600189208984,-96.33885955810547
174.237.1.106,Spring Valley,NV,United States,North America,36.105499267578125,-115.0857925415039
128.163.238.239,Lexington,KY,United States,North America,38.03279113769531,-84.50907135009766
129.115.195.61,San Antonio,TX,United States,North America,29.604389190673828,-98.5353012084961
66.69.41.155,San Antonio,TX,United States,North America,29.472780227661133,-98.53563690185547
73.6.105.149,Houston,TX,United States,North America,29.69348907470703,-95.5256118774414
73.77.70.118,Houston,TX,United States,North America,29.564809799194336,-95.11367797851562
99.66.107.77,Converse,TX,United States,North America,29.52440071105957,-98.3281021118164
70.113.218.29,Laredo,TX,United States,North America,27.50848960876465,-99.50363159179688
192.136.225.90,Arlington,TX,United States,North America,32.69091033935547,-97.13445281982422
99.203.26.175,Houston,TX,United States,North America,29.914480209350586,-95.6530532836914
128.194.3.172,Lewisville,TX,United States,North America,33.090721130371094,-97.04633331298828
76.78.94.162,San Antonio,TX,United States,North America,29.56938934326172,-98.61393737792969
129.115.195.15,San Antonio,TX,United States,North America,29.5916690826416,-98.61990356445312
72.36.119.170,Champaign,IL,United States,North America,40.11206817626953,-88.27799224853516
107.77.220.67,La Grange,TX,United States,North America,29.995830535888672,-96.85859680175781
129.115.195.45,San Antonio,TX,United States,North America,29.56661033630371,-98.61592864990234
208.180.237.94,Edna,TX,United States,North America,28.980239868164062,-96.73188781738281
129.115.195.64,San Antonio,TX,United States,North America,29.5916690826416,-98.61990356445312
216.145.183.51,Houston,TX,United States,North America,29.765579223632812,-95.36089324951172
129.115.195.72,San Antonio,TX,United States,North America,29.5239200592041,-98.4934310913086
129.115.195.47,San Antonio,TX,United States,North America,29.56661033630371,-98.61592864990234
129.115.195.57,San Antonio,TX,United States,North America,29.573570251464844,-98.54267883300781
172.58.60.216,Aurora,CO,United States,North America,39.58966827392578,-104.80172729492188
136.50.25.226,San Antonio,TX,United States,North America,29.472780227661133,-98.53563690185547
172.124.71.182,San Antonio,TX,United States,North America,29.394189834594727,-98.47380065917969
128.62.74.35,Austin,TX,United States,North America,30.292829513549805,-97.73737335205078
129.113.163.65,San Juan,TX,United States,North America,26.16377067565918,-98.15714263916016
70.116.102.148,Rowlett,TX,United States,North America,32.933128356933594,-96.62129211425781
107.77.217.142,Sealy,TX,United States,North America,29.765220642089844,-96.27034759521484
129.115.195.14,San Antonio,TX,United States,North America,29.5916690826416,-98.61990356445312
129.115.195.60,San Antonio,TX,United States,North America,29.604389190673828,-98.5353012084961
75.35.183.149,San Antonio,TX,United States,North America,29.390329360961914,-98.68657684326172
174.246.200.83,Austin,TX,United States,North America,30.270029067993164,-97.73697662353516
96.46.160.15,San Antonio,TX,United States,North America,29.354480743408203,-98.60384368896484
67.182.21.16,Rosemont,CA,United States,North America,38.57093048095703,-121.4357681274414
73.166.236.238,Katy,TX,United States,North America,29.76865005493164,-95.74185943603516
64.189.202.96,Richardson,TX,United States,North America,32.98598098754883,-96.75646209716797
38.205.190.230,Flagami,FL,United States,North America,25.762859344482422,-80.31195831298828
70.114.197.70,Austin,TX,United States,North America,30.289730072021484,-97.7664794921875
70.114.237.67,Austin,TX,United States,North America,30.289730072021484,-97.7664794921875
99.154.2.230,San Antonio,TX,United States,North America,29.5251407623291,-98.63983154296875
107.77.218.218,Sealy,TX,United States,North America,29.86083984375,-96.21289825439453
131.194.71.86,Houston,TX,United States,North America,29.86054039001465,-95.38333129882812
129.115.195.67,San Antonio,TX,United States,North America,29.5916690826416,-98.61990356445312
192.58.125.14,Lubbock,TX,United States,North America,33.5389289855957,-101.87908172607422
172.127.186.67,San Antonio,TX,United States,North America,29.581689834594727,-98.47415924072266
70.121.208.232,San Antonio,TX,United States,North America,29.472780227661133,-98.53563690185547
99.203.154.102,Houston,TX,United States,North America,29.914480209350586,-95.6530532836914
99.172.39.99,Spring,TX,United States,North America,30.026599884033203,-95.53389739990234
68.201.186.90,Alton,TX,United States,North America,26.32076072692871,-98.31813049316406
100.15.76.33,West Springfield,VA,United States,North America,38.77608871459961,-77.23345184326172
71.136.255.121,San Antonio,TX,United States,North America,29.539989471435547,-98.55223846435547
27.5.110.112,Neelankarai,TN,India,Asia,12.96500015258789,80.24600219726562
136.49.181.223,Austin,TX,United States,North America,30.289730072021484,-97.7664794921875
128.42.72.142,Houston,TX,United States,North America,29.722049713134766,-95.40068817138672
173.174.191.244,San Antonio,TX,United States,North America,29.472780227661133,-98.53563690185547
40.94.27.70,Cheyenne,WY,United States,North America,41.141841888427734,-104.77919006347656
24.107.185.151,Clayton,MO,United States,North America,38.613548278808594,-90.29192352294922
129.115.2.247,San Antonio,TX,United States,North America,29.50786018371582,-98.57489776611328
69.150.209.241,San Antonio,TX,United States,North America,29.459609985351562,-98.56478881835938
107.215.198.2,Spring,TX,United States,North America,30.015209197998047,-95.50878143310547
66.69.3.113,San Antonio,TX,United States,North America,29.472780227661133,-98.53563690185547
99.76.233.202,San Antonio,TX,United States,North America,29.519580841064453,-98.59687805175781
104.58.132.210,San Antonio,TX,United States,North America,29.590730667114258,-98.40579986572266
192.58.125.5,Lubbock,TX,United States,North America,33.568809509277344,-101.87383270263672
172.58.108.122,Irving,TX,United States,North America,32.792030334472656,-96.95065307617188
128.62.26.115,Austin,TX,United States,North America,30.292829513549805,-97.73737335205078
131.194.249.13,Austin,TX,United States,North America,30.229000091552734,-97.86801147460938
99.57.22.71,San Antonio,TX,United States,North America,29.568260192871094,-98.53543090820312
64.189.203.206,Richardson,TX,United States,North America,32.9734992980957,-96.75505828857422
129.219.8.92,Tempe Junction,AZ,United States,North America,33.41775131225586,-111.92620086669922
129.115.195.52,San Antonio,TX,United States,North America,29.5916690826416,-98.61990356445312
129.115.2.250,San Antonio,TX,United States,North America,29.542770385742188,-98.55960845947266
40.94.34.7,San Antonio,TX,United States,North America,29.472780227661133,-98.53563690185547
72.178.26.219,Sunland Park,NM,United States,North America,31.81340980529785,-106.38578796386719
75.60.106.93,San Antonio,TX,United States,North America,29.580310821533203,-98.55815887451172
76.85.104.41,Beeville,TX,United States,North America,28.442340850830078,-97.7326431274414
129.7.0.50,Houston,TX,United States,North America,29.71817970275879,-95.33937072753906
129.115.195.21,San Antonio,TX,United States,North America,29.56661033630371,-98.61592864990234
35.202.236.243,Mountain View,CA,United States,North America,37.419158935546875,-122.07540893554688
172.58.101.6,Houston,TX,United States,North America,29.85563087463379,-95.4914779663086
73.136.146.71,Houston,TX,United States,North America,29.68971061706543,-95.42886352539062
129.7.0.75,Houston,TX,United States,North America,29.720930099487305,-95.34747314453125
99.162.246.70,San Antonio,TX,United States,North America,29.396560668945312,-98.46098327636719
153.33.22.182,San Antonio,TX,United States,North America,29.56938934326172,-98.61393737792969
70.171.36.220,Gainesville,FL,United States,North America,29.62264060974121,-82.37613677978516
24.243.25.252,San Antonio,TX,United States,North America,29.472780227661133,-98.53563690185547
45.26.147.193,San Antonio,TX,United States,North America,29.400009155273438,-98.6247787475586
172.58.103.12,Houston,TX,United States,North America,29.745960235595703,-95.3322525024414
139.47.19.5,Barcelona,CT,Spain,Europe,41.40830993652344,2.1720399856567383
98.156.233.160,Pflugerville,TX,United States,North America,30.540220260620117,-97.64698028564453
70.124.214.152,Beaumont,TX,United States,North America,30.052949905395508,-94.17762756347656
104.63.239.6,Stagecoach,TX,United States,North America,30.144519805908203,-95.70733642578125
136.50.49.13,San Antonio,TX,United States,North America,29.472780227661133,-98.53563690185547
146.229.255.21,Madison,AL,United States,North America,34.730499267578125,-86.5863037109375
72.177.225.99,San Antonio,TX,United States,North America,29.472780227661133,-98.53563690185547
50.84.77.17,San Antonio,TX,United States,North America,29.539989471435547,-98.55223846435547
192.171.117.194,San Antonio,TX,United States,North America,29.52082061767578,-98.48734283447266
76.78.95.71,San Antonio,TX,United States,North America,29.575700759887695,-98.57649230957031
107.138.212.63,San Antonio,TX,United States,North America,29.362510681152344,-98.6388168334961
207.192.195.42,Lufkin,TX,United States,North America,31.323400497436523,-94.80596160888672
72.182.115.172,Austin,TX,United States,North America,30.289730072021484,-97.7664794921875
98.194.65.79,Texas City,TX,United States,North America,29.397090911865234,-94.921630859375
131.194.170.6,San Antonio,TX,United States,North America,29.46232032775879,-98.48670959472656
108.178.73.235,San Antonio,TX,United States,North America,29.51205062866211,-98.55059814453125
76.78.134.220,Denton,TX,United States,North America,33.201969146728516,-97.15422821044922
70.123.213.252,San Antonio,TX,United States,North America,29.472780227661133,-98.53563690185547
68.180.0.96,San Antonio,TX,United States,North America,29.56938934326172,-98.61393737792969
76.78.95.106,San Antonio,TX,United States,North America,29.5916690826416,-98.61990356445312
66.69.67.24,San Antonio,TX,United States,North America,29.472780227661133,-98.53563690185547
68.78.107.120,Houston,TX,United States,North America,29.650999069213867,-95.47992706298828
76.78.128.87,Flower Mound,TX,United States,North America,33.0353889465332,-97.09288024902344
173.227.72.104,San Antonio,TX,United States,North America,29.577550888061523,-98.6218032836914
172.58.101.40,Cypress,TX,United States,North America,29.953039169311523,-95.60906982421875
107.77.217.124,Hempstead,TX,United States,North America,30.025020599365234,-96.06414031982422
128.42.87.146,Houston,TX,United States,North America,29.71742057800293,-95.41873168945312
99.47.52.48,Castroville,TX,United States,North America,29.355379104614258,-98.88455200195312
104.191.2.73,San Antonio,TX,United States,North America,29.503419876098633,-98.66790771484375
131.194.164.73,San Antonio,TX,United States,North America,29.465219497680664,-98.4858169555664
76.78.94.125,San Antonio,TX,United States,North America,29.56938934326172,-98.61393737792969
98.194.58.37,Katy,TX,United States,North America,29.74370002746582,-95.73177337646484
64.189.202.161,Richardson,TX,United States,North America,32.98598098754883,-96.75646209716797
104.190.250.149,San Antonio,TX,United States,North America,29.419370651245117,-98.68724822998047
153.33.34.173,Richardson,TX,United States,North America,32.996490478515625,-96.75359344482422
76.78.94.127,San Antonio,TX,United States,North America,29.56938934326172,-98.61393737792969
96.46.160.16,San Antonio,TX,United States,North America,29.30522918701172,-98.54885864257812
73.183.145.140,Houston,TX,United States,North America,29.6689395904541,-95.58757781982422
76.78.94.176,San Antonio,TX,United States,North America,29.56938934326172,-98.61393737792969
67.174.188.142,Wheat Ridge,CO,United States,North America,39.702980041503906,-105.12268829345703
24.28.142.169,San Antonio,TX,United States,North America,29.472780227661133,-98.53563690185547
107.218.181.210,San Antonio,TX,United States,North America,29.472780227661133,-98.53563690185547
67.11.105.32,San Antonio,TX,United States,North America,29.472780227661133,-98.53563690185547
129.115.195.68,San Antonio,TX,United States,North America,29.5916690826416,-98.61990356445312
73.155.55.151,Missouri City,TX,United States,North America,29.588180541992188,-95.53971099853516
69.65.247.231,Lubbock,TX,United States,North America,33.579681396484375,-101.87574768066406
64.189.201.174,Richardson,TX,United States,North America,32.98598098754883,-96.75646209716797
172.58.107.101,Irving,TX,United States,North America,32.83732986450195,-96.9835433959961
72.190.168.236,San Antonio,TX,United States,North America,29.472780227661133,-98.53563690185547
174.246.195.35,Kendalia,TX,United States,North America,29.92258071899414,-98.50711059570312
129.115.195.7,San Antonio,TX,United States,North America,29.5916690826416,-98.61990356445312
66.69.78.246,San Antonio,TX,United States,North America,29.472780227661133,-98.53563690185547
107.77.189.11,Gonzales,TX,United States,North America,29.309579849243164,-97.3492431640625
50.26.247.14,Abilene,TX,United States,North America,32.469329833984375,-99.76106262207031
98.195.183.238,Katy,TX,United States,North America,29.732580184936523,-95.80683898925781
147.26.87.189,San Marcos,TX,United States,North America,29.890060424804688,-97.94251251220703
128.42.8.233,Houston,TX,United States,North America,29.75201988220215,-95.38442993164062
66.25.164.183,San Antonio,TX,United States,North America,29.472780227661133,-98.53563690185547
136.50.64.56,San Antonio,TX,United States,North America,29.472780227661133,-98.53563690185547
139.94.249.166,Kingsville,TX,United States,North America,27.52606964111328,-97.87776184082031
5.62.24.18,Atlanta,GA,United States,North America,33.798458099365234,-84.3882827758789
98.199.173.17,Sugar Land,TX,United States,North America,29.599790573120117,-95.64212036132812
117.99.178.17,New Delhi,DL,India,Asia,28.582000732421875,77.1719970703125
153.33.34.31,Richardson,TX,United States,North America,32.96609115600586,-96.74674224853516
129.120.85.6,Lancaster,TX,United States,North America,32.57257843017578,-96.74421691894531
47.219.86.150,Humble,TX,United States,North America,30.052980422973633,-95.2226791381836
107.77.221.213,Moulton,TX,United States,North America,29.567190170288086,-97.14230346679688
172.124.184.206,The Woodlands,TX,United States,North America,30.077619552612305,-95.61988067626953
147.26.87.160,Kyle,TX,United States,North America,29.990079879760742,-97.84223175048828
136.50.68.223,San Antonio,TX,United States,North America,29.472780227661133,-98.53563690185547
129.120.67.51,Denton,TX,United States,North America,33.211509704589844,-97.1462631225586
129.113.147.144,Edinburg,TX,United States,North America,26.3033504486084,-98.17588806152344
72.177.233.155,San Antonio,TX,United States,North America,29.472780227661133,-98.53563690185547
76.78.94.187,San Antonio,TX,United States,North America,29.56938934326172,-98.61393737792969
162.204.143.24,Houston,TX,United States,North America,30.002479553222656,-95.4835433959961
129.115.195.30,San Antonio,TX,United States,North America,29.566200256347656,-98.61035919189453
174.246.203.185,Pflugerville,TX,United States,North America,30.538379669189453,-97.62335968017578
104.189.75.251,San Antonio,TX,United States,North America,29.51861000061035,-98.73219299316406
67.78.105.2,San Antonio,TX,United States,North America,29.589839935302734,-98.62982177734375
173.175.106.100,San Antonio,TX,United States,North America,29.472780227661133,-98.53563690185547
107.132.82.153,San Antonio,TX,United States,North America,29.2650203704834,-98.4168701171875
50.201.92.222,Country Club,FL,United States,North America,25.865989685058594,-80.30274200439453
172.58.103.183,Houston,TX,United States,North America,29.78080940246582,-95.42887115478516
107.10.253.144,Aurora,OH,United States,North America,41.45132827758789,-81.39330291748047
4.16.216.161,Katy,TX,United States,North America,29.83254051208496,-95.73236846923828
198.90.109.203,Houston,TX,United States,North America,29.77042007446289,-95.41058349609375
172.58.109.143,North Richland Hills,TX,United States,North America,32.82378005981445,-97.21629333496094
76.185.233.4,San Antonio,TX,United States,North America,29.472780227661133,-98.53563690185547
24.243.10.84,San Antonio,TX,United States,North America,29.472780227661133,-98.53563690185547
107.77.217.234,Mcdade,TX,United States,North America,30.243009567260742,-97.18620300292969
66.253.176.22,Richardson,TX,United States,North America,32.96609115600586,-96.74674224853516
76.78.131.145,Euless,TX,United States,North America,32.816131591796875,-97.14730072021484
76.78.94.163,San Antonio,TX,United States,North America,29.56938934326172,-98.61393737792969
66.108.174.150,Manhattan,NY,United States,North America,40.7589111328125,-73.97901916503906
66.112.242.46,Austin,TX,United States,North America,30.288829803466797,-97.73893737792969
129.115.195.65,San Antonio,TX,United States,North America,29.5916690826416,-98.61990356445312
129.115.195.13,San Antonio,TX,United States,North America,29.5916690826416,-98.61990356445312
129.115.195.26,San Antonio,TX,United States,North America,29.56661033630371,-98.61592864990234
131.194.180.227,Austin,TX,United States,North America,30.304840087890625,-97.99668884277344
76.185.172.254,San Antonio,TX,United States,North America,29.472780227661133,-98.53563690185547
50.24.30.134,College Station,TX,United States,North America,30.58441925048828,-96.29400634765625
61.3.162.209,Cochin,KL,India,Asia,9.964329719543457,76.32048797607422
173.234.146.246,Burbank,CA,United States,North America,34.1715202331543,-118.3215103149414
40.94.35.54,San Antonio,TX,United States,North America,29.472780227661133,-98.53563690185547
107.77.219.47,Houston,TX,United States,North America,29.938819885253906,-95.56636047363281
193.56.117.17,Winschoten,GR,Netherlands,Europe,53.173118591308594,6.974530220031738
75.108.117.4,College Station,TX,United States,North America,30.62425994873047,-96.33915710449219
107.152.102.144,The Colony,TX,United States,North America,33.038841247558594,-96.6709213256836
75.10.188.214,Flower Mound,TX,United States,North America,33.029170989990234,-97.06867980957031
76.222.30.170,San Antonio,TX,United States,North America,29.459430694580078,-98.6485366821289
67.10.171.93,San Antonio,TX,United States,North America,29.472780227661133,-98.53563690185547
67.193.113.54,Kingston,ON,Canada,North America,44.23221969604492,-76.47991943359375
131.194.174.42,San Antonio,TX,United States,North America,29.46232032775879,-98.48670959472656
129.115.195.10,San Antonio,TX,United States,North America,29.5916690826416,-98.61990356445312
72.176.248.161,The Colony,TX,United States,North America,33.054710388183594,-96.731201171875
47.218.242.105,College Station,TX,United States,North America,30.541189193725586,-96.28607940673828
98.184.79.139,North Ridgeville,OH,United States,North America,41.37303161621094,-81.92154693603516
76.78.129.62,Haltom City,TX,United States,North America,32.93470001220703,-97.25150299072266
172.125.136.40,Allen,TX,United States,North America,33.09067153930664,-96.7308120727539
107.77.219.108,Brenham,TX,United States,North America,29.93699073791504,-96.26609802246094
165.91.12.170,College Station,TX,United States,North America,30.608360290527344,-96.3501205444336
216.145.169.152,Fresno,TX,United States,North America,29.47473907470703,-95.35989379882812
107.77.219.40,Hempstead,TX,United States,North America,30.139299392700195,-96.01622009277344
96.46.160.18,San Antonio,TX,United States,North America,29.30522918701172,-98.54885864257812
216.248.208.1,San Antonio,TX,United States,North America,29.42416000366211,-98.53986358642578
129.115.2.205,San Antonio,TX,United States,North America,29.542770385742188,-98.55960845947266
128.42.90.58,Houston,TX,United States,North America,29.71742057800293,-95.41873168945312
70.114.211.201,Austin,TX,United States,North America,30.289730072021484,-97.7664794921875
67.11.82.22,San Antonio,TX,United States,North America,29.472780227661133,-98.53563690185547
172.58.109.118,Weatherford,TX,United States,North America,32.63751983642578,-97.57691955566406
172.58.99.67,Houston,TX,United States,North America,29.847259521484375,-95.45258331298828
129.115.2.171,San Antonio,TX,United States,North America,29.423900604248047,-98.49349975585938
104.206.206.50,Tempe Junction,AZ,United States,North America,33.39390182495117,-111.92906188964844
174.193.221.15,Los Angeles,CA,United States,North America,34.059410095214844,-118.3632583618164
45.20.142.62,Allen,TX,United States,North America,33.11450958251953,-96.69242858886719
96.46.160.11,San Antonio,TX,United States,North America,29.307100296020508,-98.53587341308594
72.179.184.103,San Antonio,TX,United States,North America,29.472780227661133,-98.53563690185547
75.102.133.76,San Antonio,TX,United States,North America,29.589839935302734,-98.62982177734375
107.77.218.58,Katy,TX,United States,North America,29.852680206298828,-95.99330139160156
129.110.241.63,Richardson,TX,United States,North America,32.98598098754883,-96.75646209716797
212.16.10.202,Moscow,MOW,Russia,Asia,55.66529846191406,37.47774887084961
96.8.129.2,Boerne,TX,United States,North America,29.772119522094727,-98.72254180908203
75.54.33.110,San Antonio,TX,United States,North America,29.456199645996094,-98.64672088623047
131.194.168.127,San Antonio,TX,United States,North America,29.46232032775879,-98.48670959472656
172.58.111.163,Cedar Hill,TX,United States,North America,32.58993148803711,-96.9689712524414
99.126.118.124,San Antonio,TX,United States,North America,29.566200256347656,-98.61035919189453
129.115.2.92,San Antonio,TX,United States,North America,29.542770385742188,-98.55960845947266
96.8.129.252,Boerne,TX,United States,North America,29.73583984375,-98.64884948730469
76.30.97.142,Sugar Land,TX,United States,North America,29.579509735107422,-95.60700225830078
165.91.12.163,College Station,TX,United States,North America,30.608360290527344,-96.3501205444336
72.190.144.154,San Antonio,TX,United States,North America,29.472780227661133,-98.53563690185547
169.228.85.13,Encinitas,CA,United States,North America,32.999298095703125,-117.27629089355469
72.177.207.82,San Antonio,TX,United States,North America,29.472780227661133,-98.53563690185547
47.184.200.93,Colleyville,TX,United States,North America,32.898258209228516,-97.131591796875
84.78.249.182,Barcelona,CT,Spain,Europe,41.41712951660156,2.1008501052856445
75.54.33.123,San Antonio,TX,United States,North America,29.461599349975586,-98.5708999633789
131.194.180.114,San Antonio,TX,United States,North America,29.4584903717041,-98.48480224609375
173.174.244.57,San Antonio,TX,United States,North America,29.472780227661133,-98.53563690185547
71.78.97.186,San Antonio,TX,United States,North America,29.472000122070312,-98.79698181152344
68.180.1.102,San Antonio,TX,United States,North America,29.567909240722656,-98.63162231445312
173.174.172.201,San Antonio,TX,United States,North America,29.472780227661133,-98.53563690185547
73.155.108.82,Sugar Land,TX,United States,North America,29.551790237426758,-95.62798309326172
107.77.217.7,Carmine,TX,United States,North America,30.22068977355957,-96.6701889038086
173.219.172.40,College Station,TX,United States,North America,30.60791015625,-96.32398223876953
97.99.85.42,Dallas,TX,United States,North America,32.8054313659668,-96.8142318725586
128.42.101.252,Houston,TX,United States,North America,29.722049713134766,-95.40068817138672
45.26.138.104,Sunland Park,NM,United States,North America,31.787540435791016,-106.28340911865234
131.194.164.163,League City,TX,United States,North America,29.548789978027344,-95.06777954101562
174.207.15.130,Austin,TX,United States,North America,30.20846939086914,-97.79643249511719
129.115.195.53,San Antonio,TX,United States,North America,29.5916690826416,-98.61990356445312
72.190.227.209,San Antonio,TX,United States,North America,29.472780227661133,-98.53563690185547
98.234.248.51,Sunnyvale,CA,United States,North America,37.363590240478516,-122.00897216796875
72.182.19.212,Austin,TX,United States,North America,30.289730072021484,-97.7664794921875
131.194.165.123,San Antonio,TX,United States,North America,29.46232032775879,-98.48670959472656
68.201.216.145,San Antonio,TX,United States,North America,29.472780227661133,-98.53563690185547
129.115.195.23,San Antonio,TX,United States,North America,29.56661033630371,-98.61592864990234
65.43.115.68,San Antonio,TX,United States,North America,29.58609962463379,-98.52729034423828
76.237.206.169,San Antonio,TX,United States,North America,29.572269439697266,-98.51985931396484
72.182.111.129,Austin,TX,United States,North America,30.289730072021484,-97.7664794921875
96.8.168.180,Canyon Lake,TX,United States,North America,29.766239166259766,-98.46259307861328
129.115.3.100,Helotes,TX,United States,North America,29.62660026550293,-98.75131225585938
73.136.43.66,Katy,TX,United States,North America,29.754690170288086,-95.71827697753906
75.75.53.221,Cherry Hill,VA,United States,North America,38.488739013671875,-77.38311004638672
66.69.66.114,San Antonio,TX,United States,North America,29.472780227661133,-98.53563690185547
24.243.64.162,San Antonio,TX,United States,North America,29.472780227661133,-98.53563690185547
198.90.109.126,Houston,TX,United States,North America,29.77042007446289,-95.41058349609375
174.115.16.243,Vanier,ON,Canada,North America,45.44422912597656,-75.69277954101562
89.131.69.153,Les Borges Blanques,None,Spain,Europe,41.5205192565918,0.8691999912261963
129.7.105.118,Bellaire,TX,United States,North America,29.711750030517578,-95.45343017578125
67.11.185.164,San Antonio,TX,United States,North America,29.47378921508789,-98.61221313476562
83.54.140.120,Barcelona,CT,Spain,Europe,41.37958908081055,2.1683599948883057
72.183.55.127,Portland,TX,United States,North America,27.9371395111084,-97.30563354492188
130.74.155.50,Oxford,MS,United States,North America,34.349151611328125,-89.48361206054688
129.115.195.37,San Antonio,TX,United States,North America,29.542770385742188,-98.55960845947266
66.69.81.165,San Antonio,TX,United States,North America,29.472780227661133,-98.53563690185547
165.91.12.177,College Station,TX,United States,North America,30.608360290527344,-96.3501205444336
76.78.128.126,Irving,TX,United States,North America,32.889991760253906,-96.95446014404297
107.77.207.123,Shorewood,IL,United States,North America,41.570648193359375,-88.25369262695312
129.115.195.56,San Antonio,TX,United States,North America,29.573570251464844,-98.54267883300781
172.58.111.239,Cleburne,TX,United States,North America,32.46487045288086,-97.51908874511719
65.43.115.58,San Antonio,TX,United States,North America,29.588909149169922,-98.51821899414062
107.211.61.72,San Antonio,TX,United States,North America,29.472780227661133,-98.53563690185547
4.26.106.36,San Antonio,TX,United States,North America,29.578340530395508,-98.60346221923828
129.113.233.81,Edinburg,TX,United States,North America,26.279090881347656,-98.14456176757812
72.18.169.109,San Angelo,TX,United States,North America,31.441970825195312,-100.46025085449219
76.78.94.216,San Antonio,TX,United States,North America,29.56938934326172,-98.61393737792969
23.125.143.140,San Antonio,TX,United States,North America,29.64946937561035,-98.6639175415039
71.135.153.165,Houston,TX,United States,North America,29.793920516967773,-95.57958221435547
129.115.195.41,San Antonio,TX,United States,North America,29.542770385742188,-98.55960845947266
107.77.221.208,Brenham,TX,United States,North America,30.18885040283203,-96.33680725097656
72.181.124.110,San Antonio,TX,United States,North America,29.472780227661133,-98.53563690185547
129.115.195.24,San Antonio,TX,United States,North America,29.56661033630371,-98.61592864990234
64.92.34.193,Katy,TX,United States,North America,29.74966049194336,-95.76168060302734
68.206.15.167,Beaumont,TX,United States,North America,30.052949905395508,-94.17762756347656
129.15.64.253,Norman,OK,United States,North America,35.248531341552734,-97.45902252197266
128.42.85.134,Houston,TX,United States,North America,29.7219295501709,-95.39581298828125
68.201.233.130,San Antonio,TX,United States,North America,29.472780227661133,-98.53563690185547
199.111.227.250,Charlottesville,VA,United States,North America,38.03633117675781,-78.50657653808594
129.115.3.31,San Antonio,TX,United States,North America,29.472299575805664,-98.75682067871094
67.11.107.207,San Antonio,TX,United States,North America,29.472780227661133,-98.53563690185547
129.107.80.122,Arlington,TX,United States,North America,32.73208999633789,-97.11160278320312
72.181.121.79,San Antonio,TX,United States,North America,29.472780227661133,-98.53563690185547
70.122.0.163,Pflugerville,TX,United States,North America,30.540220260620117,-97.64698028564453
50.30.210.27,College Station,TX,United States,North America,30.60791015625,-96.32398223876953
47.189.20.2,The Colony,TX,United States,North America,33.0643310546875,-96.77871704101562
128.62.66.117,Austin,TX,United States,North America,30.288829803466797,-97.73893737792969
108.234.238.11,Houston,TX,United States,North America,29.77042007446289,-95.41058349609375
129.115.195.62,San Antonio,TX,United States,North America,29.604389190673828,-98.5353012084961
172.58.110.205,Dallas,TX,United States,North America,32.81325149536133,-96.81919860839844
72.179.172.166,San Antonio,TX,United States,North America,29.472780227661133,-98.53563690185547
70.117.18.195,San Antonio,TX,United States,North America,29.47378921508789,-98.61221313476562
157.50.93.77,Saint Thomas Mount,TN,India,Asia,13.052399635314941,80.25080108642578
131.194.164.77,Fredericksburg,TX,United States,North America,30.217269897460938,-98.80838012695312
128.42.78.152,Friendswood,TX,United States,North America,29.520780563354492,-95.19058227539062
50.209.116.230,Houston,TX,United States,North America,29.944669723510742,-95.40281677246094
104.10.180.86,Union City,CA,United States,North America,37.60087966918945,-122.0616683959961
76.197.202.89,Richardson,TX,United States,North America,32.957279205322266,-96.73873901367188
107.77.189.60,Harwood,TX,United States,North America,29.610750198364258,-97.49429321289062
172.58.109.10,Mansfield,TX,United States,North America,32.54779815673828,-97.14341735839844
216.145.171.143,Houston,TX,United States,North America,29.765579223632812,-95.36089324951172
98.194.177.179,Katy,TX,United States,North America,29.72648048400879,-95.76941680908203
96.46.160.13,San Antonio,TX,United States,North America,29.354480743408203,-98.60384368896484
38.104.176.170,San Antonio,TX,United States,North America,29.472780227661133,-98.53563690185547
67.10.188.34,San Antonio,TX,United States,North America,29.472780227661133,-98.53563690185547
76.78.95.16,San Antonio,TX,United States,North America,29.580520629882812,-98.53221893310547
69.65.247.228,Lubbock,TX,United States,North America,33.579681396484375,-101.87574768066406
66.253.176.23,Richardson,TX,United States,North America,32.96609115600586,-96.74674224853516
173.227.72.106,San Antonio,TX,United States,North America,29.577550888061523,-98.6218032836914
37.222.144.107,El Masnou,CT,Spain,Europe,41.48054885864258,2.3176300525665283
4.26.106.43,San Antonio,TX,United States,North America,29.54574966430664,-98.62960052490234
136.50.53.64,San Antonio,TX,United States,North America,29.472780227661133,-98.53563690185547
165.91.13.67,College Station,TX,United States,North America,30.608360290527344,-96.3501205444336
174.255.131.140,Dallas,TX,United States,North America,32.8054313659668,-96.8142318725586
24.160.15.127,Universal City,TX,United States,North America,29.54966926574707,-98.30132293701172
174.207.8.213,San Marcos,TX,United States,North America,29.920270919799805,-98.0877685546875
107.77.226.142,Passaic,NJ,United States,North America,40.871578216552734,-74.1308822631836
129.115.195.75,San Antonio,TX,United States,North America,29.5239200592041,-98.4934310913086
128.42.70.158,Houston,TX,United States,North America,29.86285972595215,-95.59024047851562
165.91.13.40,College Station,TX,United States,North America,30.608360290527344,-96.3501205444336
128.62.49.130,Austin,TX,United States,North America,30.291379928588867,-97.73236846923828
129.110.241.66,Richardson,TX,United States,North America,32.9734992980957,-96.75505828857422
153.33.35.5,Richardson,TX,United States,North America,32.996490478515625,-96.75359344482422
129.115.3.57,San Antonio,TX,United States,North America,29.53533935546875,-98.57747650146484
129.115.195.20,San Antonio,TX,United States,North America,29.56661033630371,-98.61592864990234
70.94.171.41,San Antonio,TX,United States,North America,29.472780227661133,-98.53563690185547
73.166.101.150,Stafford,TX,United States,North America,29.627389907836914,-95.56233215332031
99.43.106.214,San Antonio,TX,United States,North America,29.42310905456543,-98.56392669677734
63.151.233.98,Carrollton,TX,United States,North America,33.00392150878906,-96.89592742919922
72.33.2.73,Middleton,WI,United States,North America,43.074771881103516,-89.41120910644531
129.110.241.73,Richardson,TX,United States,North America,32.964111328125,-96.74822998046875
70.123.174.165,San Antonio,TX,United States,North America,29.472780227661133,-98.53563690185547
153.33.22.53,San Antonio,TX,United States,North America,29.56938934326172,-98.61393737792969
71.42.133.19,San Antonio,TX,United States,North America,29.50786018371582,-98.57489776611328
72.219.193.115,Fairfax,VA,United States,North America,38.83726119995117,-77.34201049804688
157.46.121.254,Airoli,MH,India,Asia,19.07939910888672,72.99919891357422
107.77.221.197,Bryan,TX,United States,North America,30.478870391845703,-96.87271118164062
173.255.46.5,Stephenville,TX,United States,North America,32.216670989990234,-98.2138671875
24.162.210.225,Sunland Park,NM,United States,North America,31.81340980529785,-106.38578796386719
64.189.206.12,Frisco,TX,United States,North America,33.16151809692383,-96.76923370361328
209.142.42.22,Etobicoke,ON,Canada,North America,43.70317077636719,-79.51219177246094
24.173.212.250,San Antonio,TX,United States,North America,29.421279907226562,-98.52205657958984
128.62.74.39,Austin,TX,United States,North America,30.284400939941406,-97.74185943603516
129.115.195.22,San Antonio,TX,United States,North America,29.56661033630371,-98.61592864990234
67.198.119.163,San Marcos,TX,United States,North America,29.878459930419922,-98.02001953125
4.26.106.41,San Antonio,TX,United States,North America,29.54574966430664,-98.62960052490234
76.30.130.61,Sugar Land,TX,United States,North America,29.621240615844727,-95.60607147216797
173.227.72.102,San Antonio,TX,United States,North America,29.566200256347656,-98.61035919189453
96.8.168.139,Canyon Lake,TX,United States,North America,29.776330947875977,-98.46080017089844
129.110.241.76,Richardson,TX,United States,North America,32.98598098754883,-96.75646209716797
129.113.57.92,Alamo,TX,United States,North America,26.198360443115234,-98.11524963378906
129.115.195.46,San Antonio,TX,United States,North America,29.56661033630371,-98.61592864990234
172.58.101.102,Houston,TX,United States,North America,29.780590057373047,-95.44481658935547
107.77.217.233,Mcdade,TX,United States,North America,30.243009567260742,-97.18620300292969
76.78.94.245,San Antonio,TX,United States,North America,29.56938934326172,-98.61393737792969
172.58.102.184,Houston,TX,United States,North America,29.785770416259766,-95.45684051513672
129.115.195.27,San Antonio,TX,United States,North America,29.56661033630371,-98.61592864990234
70.140.35.155,Houston,TX,United States,North America,29.898040771484375,-95.55960083007812
165.91.12.79,College Station,TX,United States,North America,30.608360290527344,-96.3501205444336
70.120.28.30,San Antonio,TX,United States,North America,29.472780227661133,-98.53563690185547
96.8.130.163,San Antonio,TX,United States,North America,29.472780227661133,-98.53563690185547
67.11.141.209,San Antonio,TX,United States,North America,29.472780227661133,-98.53563690185547
99.203.26.43,Houston,TX,United States,North America,29.914480209350586,-95.6530532836914
67.11.56.224,San Antonio,TX,United States,North America,29.49799919128418,-98.61299896240234
72.133.109.15,Kyle,TX,United States,North America,29.990079879760742,-97.84223175048828
129.120.67.52,Denton,TX,United States,North America,33.20825958251953,-97.14959716796875
76.78.134.125,Denton,TX,United States,North America,33.20671081542969,-97.14791870117188
76.193.69.119,San Antonio,TX,United States,North America,29.485620498657227,-98.45818328857422
115.124.35.33,Sydney,NSW,Australia,Oceania,-33.86714172363281,151.2071075439453
129.115.195.69,San Antonio,TX,United States,North America,29.5916690826416,-98.61990356445312
174.207.14.234,Austin,TX,United States,North America,30.247560501098633,-97.84024810791016
107.77.218.78,Katy,TX,United States,North America,29.85515022277832,-95.73384094238281
67.200.146.20,Houston,TX,United States,North America,29.80838966369629,-95.57170867919922
136.50.54.130,San Antonio,TX,United States,North America,29.472780227661133,-98.53563690185547
165.91.12.104,College Station,TX,United States,North America,30.608360290527344,-96.3501205444336
64.189.201.176,Richardson,TX,United States,North America,32.98598098754883,-96.75646209716797
68.252.71.156,San Antonio,TX,United States,North America,29.472780227661133,-98.53563690185547
68.206.165.35,San Antonio,TX,United States,North America,29.472780227661133,-98.53563690185547
66.56.44.248,Smyrna,GA,United States,North America,33.990421295166016,-84.41873168945312
172.125.115.1,Pflugerville,TX,United States,North America,30.511680603027344,-97.6695785522461
98.200.8.18,Houston,TX,United States,North America,29.734230041503906,-95.46671295166016
100.12.75.56,Woodside,NY,United States,North America,40.74058151245117,-73.90293884277344
40.94.29.45,Cheyenne,WY,United States,North America,41.141841888427734,-104.77919006347656
128.237.208.243,Wilkinsburg,PA,United States,North America,40.44343185424805,-79.95497131347656
129.115.195.51,San Antonio,TX,United States,North America,29.56661033630371,-98.61592864990234
46.229.141.88,Nizhniy Novgorod,NIZ,Russia,Asia,56.32992172241211,44.00918960571289
131.194.181.100,San Antonio,TX,United States,North America,29.485620498657227,-98.45818328857422
172.88.43.247,Garden Grove,CA,United States,North America,33.759490966796875,-117.97393035888672
99.203.212.223,Houston,TX,United States,North America,29.914480209350586,-95.6530532836914
171.66.12.35,Palo Alto,CA,United States,North America,37.42673110961914,-122.16710662841797
76.78.95.30,San Antonio,TX,United States,North America,29.5916690826416,-98.61990356445312
172.58.111.137,Weatherford,TX,United States,North America,32.67966842651367,-97.67434692382812
40.94.31.37,Des Moines,IA,United States,North America,41.600440979003906,-93.60652160644531
162.235.68.21,Katy,TX,United States,North America,29.82274055480957,-95.72573852539062
136.50.31.167,San Antonio,TX,United States,North America,29.472780227661133,-98.53563690185547
76.78.94.96,San Antonio,TX,United States,North America,29.56938934326172,-98.61393737792969
50.24.63.21,College Station,TX,United States,North America,30.659610748291016,-96.3115005493164
129.115.3.84,San Antonio,TX,United States,North America,29.50786018371582,-98.57489776611328
129.115.2.105,San Antonio,TX,United States,North America,29.5916690826416,-98.61990356445312
104.15.37.183,San Antonio,TX,United States,North America,29.472780227661133,-98.53563690185547
104.222.24.195,College Station,TX,United States,North America,30.60791015625,-96.32398223876953
72.177.255.25,San Antonio,TX,United States,North America,29.472780227661133,-98.53563690185547
162.196.91.8,Davis,CA,United States,North America,38.55400848388672,-121.75887298583984
71.147.0.13,Houston,TX,United States,North America,29.880870819091797,-95.15231323242188
165.91.12.226,College Station,TX,United States,North America,30.608360290527344,-96.3501205444336
129.115.2.202,San Antonio,TX,United States,North America,29.579620361328125,-98.53266143798828
199.116.115.148,Chicago,IL,United States,North America,41.845821380615234,-87.62474060058594
70.114.194.86,Austin,TX,United States,North America,30.289730072021484,-97.7664794921875
129.115.195.6,San Antonio,TX,United States,North America,29.5916690826416,-98.61990356445312
129.110.241.75,Richardson,TX,United States,North America,32.964111328125,-96.74822998046875
75.38.18.3,The Colony,TX,United States,North America,33.098018646240234,-96.78048706054688
129.115.195.38,San Antonio,TX,United States,North America,29.542770385742188,-98.55960845947266
172.58.109.164,Haltom City,TX,United States,North America,32.73847961425781,-97.34213256835938
108.73.52.41,San Antonio,TX,United States,North America,29.625099182128906,-98.42131042480469
24.175.182.219,Alice,TX,United States,North America,27.68100929260254,-98.08415985107422
165.91.12.70,College Station,TX,United States,North America,30.608360290527344,-96.3501205444336
107.77.218.149,Katy,TX,United States,North America,29.78148078918457,-95.73314666748047
129.115.195.70,San Antonio,TX,United States,North America,29.5916690826416,-98.61990356445312
122.162.10.112,New Delhi,DL,India,Asia,28.652799606323242,77.19210052490234
146.112.45.0,Dallas,TX,United States,North America,32.8054313659668,-96.8142318725586
174.207.13.232,Austin,TX,United States,North America,30.287939071655273,-97.78898620605469
129.118.97.114,Lubbock,TX,United States,North America,33.588111877441406,-101.9107666015625
66.25.172.49,San Antonio,TX,United States,North America,29.472780227661133,-98.53563690185547
99.98.36.125,San Antonio,TX,United States,North America,29.511659622192383,-98.65825653076172
24.243.77.34,San Antonio,TX,United States,North America,29.472780227661133,-98.53563690185547
108.169.199.209,Houston,TX,United States,North America,29.77042007446289,-95.41058349609375
24.116.223.222,Los Angeles,CA,United States,North America,34.04563903808594,-118.24163818359375
70.123.214.64,San Antonio,TX,United States,North America,29.472780227661133,-98.53563690185547
196.64.248.123,Rabat,04,Morocco,Africa,33.99700164794922,-6.8460001945495605
107.77.201.166,Healdton,OK,United States,North America,34.224281311035156,-97.48446655273438
216.145.184.0,Houston,TX,United States,North America,29.762500762939453,-95.36160278320312
67.11.249.247,San Antonio,TX,United States,North America,29.472780227661133,-98.53563690185547
182.68.165.5,New Delhi,DL,India,Asia,28.60810089111328,77.22650146484375
149.161.253.159,Bloomington,IN,United States,North America,39.24494934082031,-86.45217895507812
174.207.16.1,San Marcos,TX,United States,North America,29.97344970703125,-97.96517181396484
69.65.200.130,Lubbock,TX,United States,North America,33.585140228271484,-101.88540649414062
136.50.11.103,San Antonio,TX,United States,North America,29.472780227661133,-98.53563690185547
75.1.166.163,San Antonio,TX,United States,North America,29.53544044494629,-98.48137664794922
40.107.240.34,Quincy,WA,United States,North America,47.23400115966797,-119.85199737548828
73.155.10.234,Fresno,TX,United States,North America,29.545480728149414,-95.46835327148438
23.127.227.56,Houston,TX,United States,North America,29.742490768432617,-95.45182037353516
108.178.123.50,San Antonio,TX,United States,North America,29.549869537353516,-98.4262924194336
108.71.225.43,Okemos,MI,United States,North America,42.70537185668945,-84.41655731201172
72.177.229.44,San Antonio,TX,United States,North America,29.472780227661133,-98.53563690185547
67.11.122.105,San Antonio,TX,United States,North America,29.472780227661133,-98.53563690185547
107.77.197.93,Mannsville,OK,United States,North America,34.17472839355469,-96.81105041503906
129.115.2.49,San Antonio,TX,United States,North America,29.5916690826416,-98.61990356445312
129.2.180.54,College Park,MD,United States,North America,38.9899787902832,-76.94210052490234
67.11.139.90,San Antonio,TX,United States,North America,29.472780227661133,-98.53563690185547
136.50.76.78,San Antonio,TX,United States,North America,29.472780227661133,-98.53563690185547
66.64.26.138,Houston,TX,United States,North America,29.77280044555664,-95.36804962158203
107.77.219.13,Brenham,TX,United States,North America,29.921850204467773,-96.26141357421875
128.62.63.38,Austin,TX,United States,North America,30.285579681396484,-97.73726654052734
70.114.206.35,Austin,TX,United States,North America,30.289730072021484,-97.7664794921875
72.83.161.218,Reston,VA,United States,North America,38.96097183227539,-77.34246826171875
152.7.255.227,Raleigh,NC,United States,North America,35.78327178955078,-78.6815414428711
66.69.71.70,San Antonio,TX,United States,North America,29.472780227661133,-98.53563690185547
129.115.195.12,San Antonio,TX,United States,North America,29.5916690826416,-98.61990356445312
100.2.117.200,Cambria Heights,NY,United States,North America,40.72629165649414,-73.74948120117188
24.60.17.174,Middletown,CT,United States,North America,41.60612869262695,-72.66680908203125
172.58.101.35,Houston,TX,United States,North America,29.93946075439453,-95.34174346923828
75.54.33.100,San Antonio,TX,United States,North America,29.461599349975586,-98.5708999633789
172.58.100.129,Houston,TX,United States,North America,29.824209213256836,-95.39337158203125
72.179.107.149,Laredo,TX,United States,North America,27.50848960876465,-99.50363159179688
198.190.245.71,San Antonio,TX,United States,North America,29.464740753173828,-98.54798126220703
108.199.204.148,Nashville,TN,United States,North America,36.101219177246094,-86.65505981445312
60.243.19.156,Neelankarai,TN,India,Asia,12.96500015258789,80.24600219726562
173.227.72.105,San Antonio,TX,United States,North America,29.577550888061523,-98.6218032836914
68.203.99.29,Austin,TX,United States,North America,30.289730072021484,-97.7664794921875
165.91.13.83,College Station,TX,United States,North America,30.608360290527344,-96.3501205444336
70.124.73.200,San Benito,TX,United States,North America,26.12306022644043,-97.41055297851562
98.200.9.50,Houston,TX,United States,North America,29.78257942199707,-95.54460906982422
99.203.90.210,Houston,TX,United States,North America,29.914480209350586,-95.6530532836914
153.33.34.18,Richardson,TX,United States,North America,32.996490478515625,-96.75359344482422
68.39.245.231,Fort Wayne,IN,United States,North America,41.06547164916992,-85.1580581665039
72.177.242.190,San Antonio,TX,United States,North America,29.472780227661133,-98.53563690185547
137.207.232.224,Windsor,ON,Canada,North America,42.305728912353516,-83.06507110595703
70.120.59.84,San Antonio,TX,United States,North America,29.472780227661133,-98.53563690185547
76.78.94.90,San Antonio,TX,United States,North America,29.56938934326172,-98.61393737792969
50.226.144.3,Houston,TX,United States,North America,29.73171043395996,-95.42034912109375
173.224.97.147,Katy,TX,United States,North America,29.740190505981445,-95.8301773071289
71.163.167.48,Dale City,VA,United States,North America,38.67647933959961,-77.31704711914062
24.160.0.100,Universal City,TX,United States,North America,29.54966926574707,-98.30132293701172
172.58.107.61,Dallas,TX,United States,North America,32.91905975341797,-96.91954803466797
70.120.84.86,San Antonio,TX,United States,North America,29.472780227661133,-98.53563690185547
98.199.75.60,Sugar Land,TX,United States,North America,29.60066032409668,-95.67813873291016
129.115.195.9,San Antonio,TX,United States,North America,29.5916690826416,-98.61990356445312
72.48.111.98,San Antonio,TX,United States,North America,29.523880004882812,-98.57862854003906
129.115.195.73,San Antonio,TX,United States,North America,29.5239200592041,-98.4934310913086
67.79.246.1,Houston,TX,United States,North America,29.694950103759766,-95.3567123413086
23.124.169.211,Houston,TX,United States,North America,29.762630462646484,-95.36044311523438
99.203.213.91,Houston,TX,United States,North America,29.914480209350586,-95.6530532836914
129.115.195.16,San Antonio,TX,United States,North America,29.520219802856445,-98.5281982421875
73.166.10.160,Houston,TX,United States,North America,29.921049118041992,-95.39708709716797
47.187.118.53,Coppell,TX,United States,North America,32.960758209228516,-96.98248291015625
99.228.24.54,Richmond Hill,ON,Canada,North America,43.87316131591797,-79.2615966796875
76.78.94.232,San Antonio,TX,United States,North America,29.56938934326172,-98.61393737792969
107.77.217.197,Waelder,TX,United States,North America,29.729360580444336,-97.25293731689453
199.115.102.146,Englewood,CO,United States,North America,39.62400817871094,-104.87196350097656
107.11.37.226,Dublin,OH,United States,North America,40.17695999145508,-83.09461212158203
75.24.106.29,Snellville,GA,United States,North America,33.913700103759766,-84.12390899658203
107.77.218.135,Houston,TX,United States,North America,29.80824089050293,-95.4944076538086
76.78.95.11,San Antonio,TX,United States,North America,29.56661033630371,-98.61592864990234
96.46.160.21,San Antonio,TX,United States,North America,29.307100296020508,-98.53587341308594
76.78.94.128,San Antonio,TX,United States,North America,29.56938934326172,-98.61393737792969
69.65.247.230,Lubbock,TX,United States,North America,33.579681396484375,-101.87574768066406
67.241.72.43,Ithaca,NY,United States,North America,42.40671157836914,-76.5184326171875
168.6.10.248,Houston,TX,United States,North America,29.7219295501709,-95.39581298828125
107.77.220.20,Lockhart,TX,United States,North America,29.965499877929688,-97.67822265625
129.115.195.25,San Antonio,TX,United States,North America,29.56661033630371,-98.61592864990234
165.91.13.61,College Station,TX,United States,North America,30.608360290527344,-96.3501205444336
107.77.222.33,Wharton,TX,United States,North America,29.348020553588867,-96.09117126464844
24.26.239.41,San Antonio,TX,United States,North America,29.472780227661133,-98.53563690185547
129.100.255.24,London,ON,Canada,North America,43.008968353271484,-81.27704620361328
38.100.73.132,Houston,TX,United States,North America,29.760379791259766,-95.36605072021484
52.119.101.25,College Station,TX,United States,North America,30.599489212036133,-96.34520721435547
76.78.95.172,San Antonio,TX,United States,North America,29.5916690826416,-98.61990356445312
129.115.195.11,San Antonio,TX,United States,North America,29.5916690826416,-98.61990356445312
107.77.219.149,Bastrop,TX,United States,North America,29.994359970092773,-97.38648986816406
96.8.130.231,San Antonio,TX,United States,North America,29.472780227661133,-98.53563690185547
172.58.101.33,Houston,TX,United States,North America,29.93946075439453,-95.34174346923828
96.46.160.19,San Antonio,TX,United States,North America,29.30522918701172,-98.54885864257812
142.234.51.204,Dallas,TX,United States,North America,32.781471252441406,-96.82147216796875
67.11.107.4,San Antonio,TX,United States,North America,29.472780227661133,-98.53563690185547
172.58.109.67,Austin,TX,United States,North America,30.265390396118164,-97.73697662353516
165.91.13.11,College Station,TX,United States,North America,30.608360290527344,-96.3501205444336
104.206.205.60,Tempe Junction,AZ,United States,North America,33.39390182495117,-111.92906188964844
129.115.195.35,San Antonio,TX,United States,North America,29.56661033630371,-98.61592864990234
107.77.189.52,Cuero,TX,United States,North America,29.076030731201172,-97.3202133178711
73.223.160.149,San Ramon,CA,United States,North America,37.74837875366211,-121.95182037353516
107.77.222.227,Eagle Lake,TX,United States,North America,29.603559494018555,-96.32642364501953
68.54.147.61,Bloomington,IN,United States,North America,39.16790008544922,-86.50350189208984
187.136.98.103,Heroica Matamoros,TAM,Mexico,North America,25.868330001831055,-97.50166320800781
165.91.12.200,College Station,TX,United States,North America,30.608360290527344,-96.3501205444336
172.58.109.122,Arlington,TX,United States,North America,32.63969039916992,-97.12760925292969
75.111.196.42,Lubbock,TX,United States,North America,33.55965042114258,-101.85502624511719
172.58.109.217,Haltom City,TX,United States,North America,32.78718185424805,-97.35285949707031
165.91.12.31,College Station,TX,United States,North America,30.608360290527344,-96.3501205444336
99.2.23.48,Converse,TX,United States,North America,29.528730392456055,-98.34500122070312
72.191.30.205,San Antonio,TX,United States,North America,29.472780227661133,-98.53563690185547
216.145.182.167,Houston,TX,United States,North America,29.766740798950195,-95.35843658447266
45.30.141.56,San Antonio,TX,United States,North America,29.56661033630371,-98.61592864990234
108.169.199.72,Houston,TX,United States,North America,29.77042007446289,-95.41058349609375
75.102.133.100,San Antonio,TX,United States,North America,29.583009719848633,-98.63166046142578
76.78.94.227,San Antonio,TX,United States,North America,29.56938934326172,-98.61393737792969
99.203.90.18,Houston,TX,United States,North America,29.914480209350586,-95.6530532836914
73.115.41.178,Katy,TX,United States,North America,29.744340896606445,-95.73168182373047
99.203.26.191,Houston,TX,United States,North America,29.914480209350586,-95.6530532836914
107.77.222.5,Houston,TX,United States,North America,29.838590621948242,-95.66011047363281
75.102.133.70,San Antonio,TX,United States,North America,29.589839935302734,-98.62982177734375
107.77.218.225,Sugar Land,TX,United States,North America,29.630260467529297,-95.67941284179688
50.24.123.128,College Station,TX,United States,North America,30.6314697265625,-96.31684112548828
168.6.25.45,Houston,TX,United States,North America,29.71441078186035,-95.39788818359375
136.50.27.210,San Antonio,TX,United States,North America,29.472780227661133,-98.53563690185547
35.141.190.78,Keystone,FL,United States,North America,28.141399383544922,-82.59333801269531
34.231.157.157,Ashburn,VA,United States,North America,39.043701171875,-77.47419738769531
104.190.249.145,San Antonio,TX,United States,North America,29.411399841308594,-98.71739959716797
108.65.244.58,San Antonio,TX,United States,North America,29.5792293548584,-98.58750915527344
72.181.110.136,San Antonio,TX,United States,North America,29.472780227661133,-98.53563690185547
174.207.15.16,Cedar Park,TX,United States,North America,30.469839096069336,-97.80277252197266
69.65.247.229,Lubbock,TX,United States,North America,33.579681396484375,-101.87574768066406
76.78.94.112,San Antonio,TX,United States,North America,29.56938934326172,-98.61393737792969
100.14.210.166,Mercerville-Hamilton Square,NJ,United States,North America,40.252750396728516,-74.74215698242188
107.192.147.147,Converse,TX,United States,North America,29.51059913635254,-98.31095123291016
37.190.85.251,Moscow,MOW,Russia,Asia,55.764408111572266,37.636600494384766
129.115.195.39,San Antonio,TX,United States,North America,29.542770385742188,-98.55960845947266
172.58.101.144,Houston,TX,United States,North America,29.839319229125977,-95.63230895996094
128.62.34.34,Austin,TX,United States,North America,30.286649703979492,-97.73870849609375
72.190.164.212,San Antonio,TX,United States,North America,29.472780227661133,-98.53563690185547
47.218.48.137,Abilene,TX,United States,North America,32.40026092529297,-99.77366638183594
73.6.6.73,Stafford,TX,United States,North America,29.6464900970459,-95.592041015625
131.194.162.99,San Antonio,TX,United States,North America,29.46232032775879,-98.48670959472656
209.6.77.51,Watertown,MA,United States,North America,42.351810455322266,-71.1491928100586
129.108.202.184,Sunland Park,NM,United States,North America,31.775949478149414,-106.48593139648438
47.218.236.110,College Station,TX,United States,North America,30.612979888916016,-96.3210678100586
96.8.129.234,Boerne,TX,United States,North America,29.742429733276367,-98.64788055419922
24.243.17.208,San Antonio,TX,United States,North America,29.472780227661133,-98.53563690185547
107.212.71.120,Alpharetta,GA,United States,North America,34.03453826904297,-84.24481201171875
100.1.201.32,Marlboro,NJ,United States,North America,40.24163055419922,-74.22808837890625
165.91.13.58,College Station,TX,United States,North America,30.608360290527344,-96.3501205444336
47.221.113.251,Humble,TX,United States,North America,30.08017921447754,-95.18821716308594
216.145.180.12,Rosenberg,TX,United States,North America,29.67061996459961,-95.72183990478516
107.77.220.115,Weimar,TX,United States,North America,29.65070915222168,-96.64550018310547
24.55.10.28,Austin,TX,United States,North America,30.289730072021484,-97.7664794921875
70.32.0.68,Arlington Heights,IL,United States,North America,42.058441162109375,-87.98355865478516
24.175.67.196,Brownsville,TX,United States,North America,25.992679595947266,-97.44976043701172
68.35.89.199,Madison,AL,United States,North America,34.74055862426758,-86.63334655761719
66.163.80.6,Sugar Land,TX,United States,North America,29.63789939880371,-95.65158081054688
12.130.174.240,San Francisco,CA,United States,North America,37.769168853759766,-122.44249725341797
173.173.110.49,San Antonio,TX,United States,North America,29.472780227661133,-98.53563690185547
111.119.188.22,Karachi,SD,Pakistan,Asia,24.882999420166016,67.05799865722656
129.115.195.33,San Antonio,TX,United States,North America,29.56661033630371,-98.61592864990234
98.195.188.171,Houston,TX,United States,North America,29.7420597076416,-95.5973892211914
70.120.138.14,Irving,TX,United States,North America,32.84944152832031,-96.97503662109375
47.185.29.126,Keller,TX,United States,North America,32.93470001220703,-97.25150299072266
213.159.133.162,San Antonio,TX,United States,North America,29.569799423217773,-98.47701263427734
99.147.234.208,San Antonio,TX,United States,North America,29.40958023071289,-98.68527221679688
172.58.110.197,Dallas,TX,United States,North America,32.759681701660156,-96.8618392944336
107.77.197.155,Sherman,TX,United States,North America,33.631370544433594,-96.60965728759766
173.174.168.84,San Antonio,TX,United States,North America,29.472780227661133,-98.53563690185547
73.232.228.152,Katy,TX,United States,North America,29.740190505981445,-95.8301773071289
172.8.173.250,San Antonio,TX,United States,North America,29.587820053100586,-98.58458709716797
70.120.219.86,Uvalde,TX,United States,North America,29.35552978515625,-99.84152221679688
128.62.47.139,Austin,TX,United States,North America,30.291379928588867,-97.73236846923828
50.30.210.22,College Station,TX,United States,North America,30.60791015625,-96.32398223876953
72.177.235.92,San Antonio,TX,United States,North America,29.472780227661133,-98.53563690185547
105.156.63.97,Rabat,04,Morocco,Africa,33.99700164794922,-6.8460001945495605
99.43.136.105,San Antonio,TX,United States,North America,29.431140899658203,-98.69644927978516
104.189.79.1,San Antonio,TX,United States,North America,29.399850845336914,-98.69213104248047
70.125.183.155,Eagle Pass,TX,United States,North America,28.56201934814453,-100.33248901367188
4.26.106.46,San Antonio,TX,United States,North America,29.56661033630371,-98.61592864990234
68.3.192.233,Chandler,AZ,United States,North America,33.30677032470703,-111.74324798583984
